4359,4359,4359,4359,4359,4359,4359,4359,4359,4359,4359,4359,4359,4359,4359,4359,4359,4359,4359,4359,4359,4359,4359,4359,4359,4359,4359,4359,4359,4359,4359,4359,4359,4359,4359,4359,4359,4359,4359,4359,4359,4359,4359,4359,4359,4359,4359,4359,4359,4359,4359,4359,4359,4359,4359,4359,4359,4359,4359,4359,4359,4359,4359,4359,4359,4359,4359,4359,4359,4359,4359,4359,4359,4359,4359,4359,4359,4359,4359,4359,4359,4359,4359,4359,4359,4359,4359,4359,4359,4359,4359,4359,4359,4359,4359,4359,4359,4359,4359,4359
4359,4359,4359,4359,4359,4359,4359,4359,4359,4359,4359,4359,4359,4359,4359,4359,4359,4359,4359,4359,4359,4359,4359,4359,4359,4359,4359,4359,4359,4359,4359,4359,4359,4359,4359,4359,4359,4359,4359,4359,4359,4359,4359,4359,4359,4359,4359,4359,4359,4359,4359,4359,4359,4359,4359,4359,4359,4359,4359,4359,4359,4359,4359,4359,4359,4359,4359,4359,4359,4359,4359,4359,4359,4359,4359,4359,4359,4359,4359,4359,4359,4359,4359,4359,4359,4359,4359,4359,4359,4359,4359,4359,4359,4359,4359,4359,4359,4359,4359,4359
4359,4359,4359,4359,4359,4359,4359,4359,4359,4359,4359,4359,4359,4359,4359,4359,4359,4359,4359,4359,4359,4359,4359,4359,4359,4359,4359,4359,4359,4359,4359,4359,4359,4359,4359,4359,4359,4359,4359,4359,4359,4359,4359,4359,4359,4359,4359,4359,4359,4359,4359,4359,4359,4359,4359,4359,4359,4359,4359,4359,4359,4359,4359,4359,4359,4359,4359,4359,4359,4359,4359,4359,4359,4359,4359,4359,4359,4359,4359,4359,4359,4359,4359,4359,4359,4359,4359,4359,4359,4359,4359,4359,4359,4359,4359,4359,4359,4359,4359,4359
4359,4359,4359,4359,4359,4359,4359,4359,4359,4359,4359,4359,4359,4359,4359,4359,4359,4359,4359,4359,4359,4359,4359,4359,4359,4359,4359,4359,4359,4359,4359,4359,4359,4359,4359,4359,4359,4359,4359,4359,4359,4359,4359,4359,4359,4359,4359,4359,4359,4359,4359,4359,4359,4359,4359,4359,4359,4359,4359,4359,4359,4359,4359,4359,4359,4359,4359,4359,4359,4359,4359,4359,4359,4359,4359,4359,4359,4359,4359,4359,4359,4359,4359,4359,4359,4359,4359,4359,4359,4359,4359,4359,4359,4359,4359,4359,4359,4359,4359,4359
4359,4359,4359,4359,4359,4359,4359,4359,4359,4359,4359,4359,4359,4359,4359,4359,4359,4359,4359,4359,4359,4359,4359,4359,4359,4359,4359,4359,4359,4359,4359,4359,4359,4359,4359,4359,4359,4359,4359,4359,4359,4359,4359,4359,4359,4359,4359,4359,4359,4359,4359,4359,4359,4359,4359,4359,4359,4359,4359,4359,4359,4359,4359,4359,4359,4359,4359,4359,4359,4359,4359,4359,4359,4359,4359,4359,4359,4359,4359,4359,4359,4359,4359,4359,4359,4359,4359,4359,4359,4359,4359,4359,4359,4359,4359,4359,4359,4359,4359,4359
4359,4359,4359,4359,4359,4359,4359,4359,4359,4359,4359,4359,4359,4359,4359,4359,4359,4359,4359,4359,4359,4359,4359,4359,4359,4359,4359,4359,4359,4359,4359,4359,4359,4359,4359,4359,4359,4359,4359,4359,4359,4359,4359,4359,4359,4359,4359,4359,4359,4359,4359,4359,4359,4359,4359,4359,4359,4359,4359,4359,4359,4359,4359,4359,4359,4359,4359,4359,4359,4359,4359,4359,4359,4359,4359,4359,4359,4359,4359,4359,4359,4359,4359,4359,4359,4359,4359,4359,4359,4359,4359,4359,4359,4359,4359,4359,4359,4359,4359,4359
4359,4359,4359,4359,4359,4359,4359,4359,4359,4359,4359,4359,4359,4359,4359,4359,4359,4359,4359,4359,4359,4359,4359,4359,4359,4359,4359,4359,4359,4359,4359,4359,4359,4359,4359,4359,4359,4359,4359,4359,4359,4359,4359,4359,4359,4359,4359,4359,4359,4359,4359,4359,4359,4359,4359,4359,4359,4359,4359,4359,4359,4359,4359,4359,4359,4359,4359,4359,4359,4359,4359,4359,4359,4359,4359,4359,4359,4359,4359,4359,4359,4359,4359,4359,4359,4359,4359,4359,4359,4359,4359,4359,4359,4359,4359,4359,4359,4359,4359,4359
4359,4359,4359,4359,4359,4359,4359,4359,4359,4359,4359,4359,4359,4359,4359,4359,4359,4359,4359,4359,4359,4359,4359,4359,4359,4359,4359,4359,4359,4359,4359,4359,4359,4359,4359,4359,4359,4359,4359,4359,4359,4359,4359,4359,4359,4359,4359,4359,4359,4359,4359,4359,4359,4359,4359,4359,4359,4359,4359,4359,4359,4359,4359,4359,4359,4359,4359,4359,4359,4359,4359,4359,4359,4359,4359,4359,4359,4359,4359,4359,4359,4359,4359,4359,4359,4359,4359,4359,4359,4359,4359,4359,4359,4359,4359,4359,4359,4359,4359,4359
4359,4359,4359,4359,4359,4359,4359,4359,4359,4359,4359,4359,4359,4359,4359,4359,4359,4359,4359,4359,4359,4359,4359,4359,4359,4359,4359,4359,4359,4359,4359,4359,4359,4359,4359,4359,4359,4359,4359,4359,4359,4359,4359,4359,4359,4359,4359,4359,4359,4359,4359,4359,4359,4359,4359,4359,4359,4359,4359,4359,4359,4359,4359,4359,4359,4359,4359,4359,4359,4359,4359,4359,4359,4359,4359,4359,4359,4359,4359,4359,4359,4359,4359,4359,4359,4359,4359,4359,4359,4359,4359,4359,4359,4359,4359,4359,4359,4359,4359,4359
4359,4359,4359,4359,4359,4359,4359,4359,4359,4359,4359,4359,4359,4359,4359,4359,4359,4359,4359,4359,4359,4359,4359,4359,4359,4359,4359,4359,4359,4359,4359,4359,4359,4359,4359,4359,4359,4359,4359,4359,4359,4359,4359,4359,4359,4359,4359,4359,4359,4359,4359,4359,4359,4359,4359,4359,4359,4359,4359,4359,4359,4359,4359,4359,4359,4359,4359,4359,4359,4359,4359,4359,4359,4359,4359,4359,4359,4359,4359,4359,4359,4359,4359,4359,4359,4359,4359,4359,4359,4359,4359,4359,4359,4359,4359,4359,4359,4359,4359,4359
4359,4359,4359,4359,4359,4359,4359,4359,4359,4359,4359,4359,4359,4359,4359,4359,4359,4359,4359,4359,4359,4359,4359,4359,4359,4359,4359,4359,4359,4359,4359,4359,4359,4359,4359,4359,4359,4359,4359,4359,4359,4359,4359,4359,4359,4359,4359,4359,4359,4359,4359,4359,4359,4359,4359,4359,4359,4359,4359,4359,4359,4359,4359,4359,4359,4359,4359,4359,4359,4359,4359,4359,4359,4359,4359,4359,4359,4359,4359,4359,4359,4359,4359,4359,4359,4359,4359,4359,4359,4359,4359,4359,4359,4359,4359,4359,4359,4359,4359,4359
4359,4359,4359,4359,4359,4359,4359,4359,4359,4359,4359,4359,4359,4359,4359,4359,4359,4359,4359,4359,4359,4359,4359,4359,4359,4359,4359,4359,4359,4359,4359,4359,4359,4359,4359,4359,4359,4359,4359,4359,4359,4359,4359,4359,4359,4359,4359,4359,4359,4359,4359,4359,4359,4359,4359,4359,4359,4359,4359,4359,4359,4359,4359,4359,4359,4359,4359,4359,4359,4359,4359,4359,4359,4359,4359,4359,4359,4359,4359,4359,4359,4359,4359,4359,4359,4359,4359,4359,4359,4359,4359,4359,4359,4359,4359,4359,4359,4359,4359,4359
4359,4359,4359,4359,4359,4359,4359,4359,4359,4359,4359,4359,4359,4359,4359,4359,4359,4359,4359,4359,4359,4359,4359,4359,4359,4359,4359,4359,4359,4359,4359,4359,4359,4359,4359,4359,4359,4359,4359,4359,4359,4359,4359,4359,4359,4359,4359,4359,4359,4359,4359,4359,4359,4359,4359,4359,4359,4359,4359,4359,4359,4359,4359,4359,4359,4359,4359,4359,4359,4359,4359,4359,4359,4359,4359,4359,4359,4359,4359,4359,4359,4359,4359,4359,4359,4359,4359,4359,4359,4359,4359,4359,4359,4359,4359,4359,4359,4359,4359,4359
4359,4359,4359,4359,4359,4359,4359,4359,4359,4359,4359,4359,4359,4359,4359,4359,4359,4359,4359,4359,4359,4359,4359,4359,4359,4359,4359,4359,4359,4359,4359,4359,4359,4359,4359,4359,4359,4359,4359,4359,4359,4359,4359,4359,4359,4359,4359,4359,4359,4359,4359,4359,4359,4359,4359,4359,4359,4359,4359,4359,4359,4359,4359,4359,4359,4359,4359,4359,4359,4359,4359,4359,4359,4359,4359,4359,4359,4359,4359,4359,4359,4359,4359,4359,4359,4359,4359,4359,4359,4359,4359,4359,4359,4359,4359,4359,4359,4359,4359,4359
4359,4359,4359,4359,4359,4359,4359,4359,4359,4359,4359,4359,4359,4359,4359,4359,4359,4359,4359,4359,4359,4359,4359,4359,4359,4359,4359,4359,4359,4359,4359,4359,4359,4359,4359,4359,4359,4359,4359,4359,4359,4359,4359,4359,4359,4359,4359,4359,4359,4359,4359,4359,4359,4359,4359,4359,4359,4359,4359,4359,4359,4359,4359,4359,4359,4359,4359,4359,4359,4359,4359,4359,4359,4359,4359,4359,4359,4359,4359,4359,4359,4359,4359,4359,4359,4359,4359,4359,4359,4359,4359,4359,4359,4359,4359,4359,4359,4359,4359,4359
4359,4359,4359,4359,4359,4359,4359,4359,4359,4359,4359,4359,4359,4359,4359,4359,4359,4359,4359,4359,4359,4359,4359,4359,4359,4359,4359,4359,4359,4359,4359,4359,4359,4359,4359,4359,4359,4359,4359,4359,4359,4359,4359,4359,4359,4359,4359,4359,4359,4359,4359,4359,4359,4359,4359,4359,4359,4359,4359,4359,4359,4359,4359,4359,4359,4359,4359,4359,4359,4359,4359,4359,4359,4359,4359,4359,4359,4359,4359,4359,4359,4359,4359,4359,4359,4359,4359,4359,4359,4359,4359,4359,4359,4359,4359,4359,4359,4359,4359,4359
4359,4359,4359,4359,4359,4359,4359,4359,4359,4359,4359,4359,4359,4359,4359,4359,4359,4359,4359,4359,4359,4359,4359,4359,4359,4359,4359,4359,4359,4359,4359,4359,4359,4359,4359,4359,4359,4359,4359,4359,4359,4359,4359,4359,4359,4359,4359,4359,4359,4359,4359,4359,4359,4359,4359,4359,4359,4359,4359,4359,4359,4359,4359,4359,4359,4359,4359,4359,4359,4359,4359,4359,4359,4359,4359,4359,4359,4359,4359,4359,4359,4359,4359,4359,4359,4359,4359,4359,4359,4359,4359,4359,4359,4359,4359,4359,4359,4359,4359,4359
4359,4359,4359,4359,4359,4359,4359,4359,4359,4359,4359,4359,4359,4359,4359,4359,4359,4359,4359,4359,4359,4359,4359,4359,4359,4359,4359,4359,4359,4359,4359,4359,4359,4359,4359,4359,4359,4359,4359,4359,4359,4359,4359,4359,4359,4359,4359,4359,4359,4359,4359,4359,4359,4359,4359,4359,4359,4359,4359,4359,4359,4359,4359,4359,4359,4359,4359,4359,4359,4359,4359,4359,4359,4359,4359,4359,4359,4359,4359,4359,4359,4359,4359,4359,4359,4359,4359,4359,4359,4359,4359,4359,4359,4359,4359,4359,4359,4359,4359,4359
4359,4359,4359,4359,4359,4359,4359,4359,4359,4359,4359,4359,4359,4359,4359,4359,4359,4359,4359,4359,4359,4359,4359,4359,4359,4359,4359,4359,4359,4359,4359,4359,4359,4359,4359,4359,4359,4359,4359,4359,4359,4359,4359,4359,4359,4359,4359,4359,4359,4359,4359,4359,4359,4359,4359,4359,4359,4359,4359,4359,4359,4359,4359,4359,4359,4359,4359,4359,4359,4359,4359,4359,4359,4359,4359,4359,4359,4359,4359,4359,4359,4359,4359,4359,4359,4359,4359,4359,4359,4359,4359,4359,4359,4359,4359,4359,4359,4359,4359,4359
4359,4359,4359,4359,4359,4359,4359,4359,4359,4359,4359,4359,4359,4359,4359,4359,4359,4359,4359,4359,4359,4359,4359,4359,4359,4359,4359,4359,4359,4359,4359,4359,4359,4359,4359,4359,4359,4359,4359,4359,4359,4359,4359,4359,4359,4359,4359,4359,4359,4359,4359,4359,4359,4359,4359,4359,4359,4359,4359,4359,4359,4359,4359,4359,4359,4359,4359,4359,4359,4359,4359,4359,4359,4359,4359,4359,4359,4359,4359,4359,4359,4359,4359,4359,4359,4359,4359,4359,4359,4359,4359,4359,4359,4359,4359,4359,4359,4359,4359,4359
4359,4359,4359,4359,4359,4359,4359,4359,4359,4359,4359,4359,4359,4359,4359,4359,4359,4359,4359,4359,4359,4359,4359,4359,4359,4359,4359,4359,4359,4359,4359,4359,4359,4359,4359,4359,4359,4359,4359,4359,4359,4359,4359,4359,4359,4359,4359,4359,4359,4359,4359,4359,4359,4359,4359,4359,4359,4359,4359,4359,4359,4359,4359,4359,4359,4359,4359,4359,4359,4359,4359,4359,4359,4359,4359,4359,4359,4359,4359,4359,4359,4359,4359,4359,4359,4359,4359,4359,4359,4359,4359,4359,4359,4359,4359,4359,4359,4359,4359,4359
4359,4359,4359,4359,4359,4359,4359,4359,4359,4359,4359,4359,4359,4359,4359,4359,4359,4359,4359,4359,4359,4359,4359,4359,4359,4359,4359,4359,4359,4359,4359,4359,4359,4359,4359,4359,4359,4359,4359,4359,4359,4359,4359,4359,4359,4359,4359,4359,4359,4359,4359,4359,4359,4359,4359,4359,4359,4359,4359,4359,4359,4359,4359,4359,4359,4359,4359,4359,4359,4359,4359,4359,4359,4359,4359,4359,4359,4359,4359,4359,4359,4359,4359,4359,4359,4359,4359,4359,4359,4359,4359,4359,4359,4359,4359,4359,4359,4359,4359,4359
4359,4359,4359,4359,4359,4359,4359,4359,4359,4359,4359,4359,4359,4359,4359,4359,4359,4359,4359,4359,4359,4359,4359,4359,4359,4359,4359,4359,4359,4359,4359,4359,4359,4359,4359,4359,4359,4359,4359,4359,4359,4359,4359,4359,4359,4359,4359,4359,4359,4359,4359,4359,4359,4359,4359,4359,4359,4359,4359,4359,4359,4359,4359,4359,4359,4359,4359,4359,4359,4359,4359,4359,4359,4359,4359,4359,4359,4359,4359,4359,4359,4359,4359,4359,4359,4359,4359,4359,4359,4359,4359,4359,4359,4359,4359,4359,4359,4359,4359,4359
4359,4359,4359,4359,4359,4359,4359,4359,4359,4359,4359,4359,4359,4359,4359,4359,4359,4359,4359,4359,4359,4359,4359,4359,4359,4359,4359,4359,4359,4359,4359,4359,4359,4359,4359,4359,4359,4359,4359,4359,4359,4359,4359,4359,4359,4359,4359,4359,4359,4359,4359,4359,4359,4359,4359,4359,4359,4359,4359,4359,4359,4359,4359,4359,4359,4359,4359,4359,4359,4359,4359,4359,4359,4359,4359,4359,4359,4359,4359,4359,4359,4359,4359,4359,4359,4359,4359,4359,4359,4359,4359,4359,4359,4359,4359,4359,4359,4359,4359,4359
4359,4359,4359,4359,4359,4359,4359,4359,4359,4359,4359,4359,4359,4359,4359,4359,4359,4359,4359,4359,4359,4359,4359,4359,4359,4359,4359,4359,4359,4359,4359,4359,4359,4359,4359,4359,4359,4359,4359,4359,4359,4359,4359,4359,4359,4359,4359,4359,4359,4359,4359,4359,4359,4359,4359,4359,4359,4359,4359,4359,4359,4359,4359,4359,4359,4359,4359,4359,4359,4359,4359,4359,4359,4359,4359,4359,4359,4359,4359,4359,4359,4359,4359,4359,4359,4359,4359,4359,4359,4359,4359,4359,4359,4359,4359,4359,4359,4359,4359,4359
4359,4359,4359,4359,4359,4359,4359,4359,4359,4359,4359,4359,4359,4359,4359,4359,4359,4359,4359,4359,4359,4359,4359,4359,4359,4359,4359,4359,4359,4359,4359,4359,4359,4359,4359,4359,4359,4359,4359,4359,4359,4359,4359,4359,4359,4359,4359,4359,4359,4359,4359,4359,4359,4359,4359,4359,4359,4359,4359,4359,4359,4359,4359,4359,4359,4359,4359,4359,4359,4359,4359,4359,4359,4359,4359,4359,4359,4359,4359,4359,4359,4359,4359,4359,4359,4359,4359,4359,4359,4359,4359,4359,4359,4359,4359,4359,4359,4359,4359,4359
4359,4359,4359,4359,4359,4359,4359,4359,4359,4359,4359,4359,4359,4359,4359,4359,4359,4359,4359,4359,4359,4359,4359,4359,4359,4359,4359,4359,4359,4359,4359,4359,4359,4359,4359,4359,4359,4359,4359,4359,4359,4359,4359,4359,4359,4359,4359,4359,4359,4359,4359,4359,4359,4359,4359,4359,4359,4359,4359,4359,4359,4359,4359,4359,4359,4359,4359,4359,4359,4359,4359,4359,4359,4359,4359,4359,4359,4359,4359,4359,4359,4359,4359,4359,4359,4359,4359,4359,4359,4359,4359,4359,4359,4359,4359,4359,4359,4359,4359,4359
4359,4359,4359,4359,4359,4359,4359,4359,4359,4359,4359,4359,4359,4359,4359,4359,4359,4359,4359,4359,4359,4359,4359,4359,4359,4359,4359,4359,4359,4359,4359,4359,4359,4359,4359,4359,4359,4359,4359,4359,4359,4359,4359,4359,4359,4359,4359,4359,4359,4359,4359,4359,4359,4359,4359,4359,4359,4359,4359,4359,4359,4359,4359,4359,4359,4359,4359,4359,4359,4359,4359,4359,4359,4359,4359,4359,4359,4359,4359,4359,4359,4359,4359,4359,4359,4359,4359,4359,4359,4359,4359,4359,4359,4359,4359,4359,4359,4359,4359,4359
4359,4359,4359,4359,4359,4359,4359,4359,4359,4359,4359,4359,4359,4359,4359,4359,4359,4359,4359,4359,4359,4359,4359,4359,4359,4359,4359,4359,4359,4359,4359,4359,4359,4359,4359,4359,4359,4359,4359,4359,4359,4359,4359,4359,4359,4359,4359,4359,4359,4359,4359,4359,4359,4359,4359,4359,4359,4359,4359,4359,4359,4359,4359,4359,4359,4359,4359,4359,4359,4359,4359,4359,4359,4359,4359,4359,4359,4359,4359,4359,4359,4359,4359,4359,4359,4359,4359,4359,4359,4359,4359,4359,4359,4359,4359,4359,4359,4359,4359,4359
4359,4359,4359,4359,4359,4359,4359,4359,4359,4359,4359,4359,4359,4359,4359,4359,4359,4359,4359,4359,4359,4359,4359,4359,4359,4359,4359,4359,4359,4359,4359,4359,4359,4359,4359,4359,4359,4359,4359,4359,4359,4359,4359,4359,4359,4359,4359,4359,4359,4359,4359,4359,4359,4359,4359,4359,4359,4359,4359,4359,4359,4359,4359,4359,4359,4359,4359,4359,4359,4359,4359,4359,4359,4359,4359,4359,4359,4359,4359,4359,4359,4359,4359,4359,4359,4359,4359,4359,4359,4359,4359,4359,4359,4359,4359,4359,4359,4359,4359,4359
4359,4359,4359,4359,4359,4359,4359,4359,4359,4359,4526,4359,4359,4359,4359,4359,4359,4359,4359,4359,4359,4359,4359,4359,4359,4359,4359,4359,4359,4359,4359,4359,4359,4359,4359,4359,4359,4359,4359,4359,4359,4359,4359,4359,4359,4359,4359,4359,4359,4359,4359,4359,4359,4359,4359,4359,4359,4359,4359,4359,4359,4359,4359,4359,4359,4359,4359,4359,4359,4359,4359,4359,4359,4359,4359,4359,4359,4359,4359,4359,4359,4359,4359,4359,4359,4359,4359,4359,4359,4359,4359,4359,4359,4359,4359,4359,4359,4359,4359,4359
4359,4359,4359,4359,4359,4359,4359,4359,4359,4526,4526,4526,4359,4359,4359,4359,4359,4359,4359,4359,4359,4359,4359,4359,4359,4359,4359,4359,4359,4359,4359,4359,4359,4359,4359,4359,4359,4359,4359,4359,4359,4359,4359,4359,4359,4359,4359,4359,4359,4359,4359,4359,4359,4359,4359,4359,4359,4359,4359,4359,4359,4359,4359,4359,4359,4359,4359,4359,4359,4359,4359,4359,4359,4359,4359,4359,4359,4359,4359,4359,4359,4359,4359,4359,4359,4359,4359,4359,4359,4359,4359,4359,4359,4359,4359,4359,4359,4359,4359,4359
4359,4359,4359,4359,4359,4359,4359,4359,4359,4526,4526,4526,4359,4359,4359,4359,4359,4359,4359,4359,4359,4359,4359,4359,4359,4359,4359,4359,4359,4359,4359,4359,4359,4359,4359,4359,4359,4359,4359,4359,4359,4359,4359,4359,4359,4359,4359,4359,4359,4359,4359,4359,4359,4359,4359,4359,4359,4359,4359,4359,4359,4359,4359,4359,4359,4359,4359,4359,4359,4359,4359,4359,4359,4359,4359,4359,4359,4359,4359,4359,4359,4359,4359,4359,4359,4359,4359,4359,4359,4359,4359,4359,4359,4359,4359,4359,4359,4359,4359,4359
4359,4359,4359,4359,4359,4359,4359,4359,4359,4526,4526,4526,4359,4359,4359,4359,4359,4359,4359,4359,4359,4359,4359,4359,4359,4359,4359,4359,4359,4359,4359,4359,4359,4359,4359,4359,4359,4359,4359,4359,4359,4359,4359,4359,4359,4359,4359,4359,4359,4359,4359,4359,4359,4359,4359,4359,4359,4359,4359,4359,4359,4359,4359,4359,4359,4359,4359,4359,4359,4359,4359,4359,4359,4359,4359,4359,4359,4359,4359,4359,4359,4359,4359,4359,4359,4359,4359,4359,4359,4359,4359,4359,4359,4359,4359,4359,4359,4359,4359,4359
4359,4359,4359,4359,4359,4359,4359,4359,4359,4526,4526,4526,4359,4359,4359,4359,4359,4359,4359,4359,4359,4359,4359,4359,4359,4359,4359,4359,4359,4359,4359,4359,4359,4359,4359,4359,4359,4359,4359,4359,4359,4359,4359,4359,4359,4359,4359,4359,4359,4359,4359,4359,4359,4359,4359,4359,4359,4359,4359,4359,4359,4359,4359,4359,4359,4359,4359,4359,4359,4359,4359,4359,4359,4359,4359,4359,4359,4359,4359,4359,4359,4359,4359,4359,4359,4359,4359,4359,4359,4359,4359,4359,4359,4359,4359,4359,4359,4359,4359,4359
4359,4359,4359,4359,4359,4359,4359,4359,4359,4526,4526,4526,4359,4359,4359,4359,4359,4359,4359,4359,4359,4359,4359,4359,4359,4359,4359,4359,4359,4359,4359,4359,4359,4359,4359,4359,4359,4359,4359,4359,4359,4359,4359,4359,4359,4359,4359,4359,4359,4359,4359,4359,4359,4359,4359,4359,4359,4359,4359,4359,4359,4359,4359,4359,4359,4359,4359,4359,4359,4359,4359,4359,4359,4359,4359,4359,4359,4359,4359,4359,4359,4359,4359,4359,4359,4359,4359,4359,4359,4359,4359,4359,4359,4359,4359,4359,4359,4359,4359,4359
4359,4359,4359,4359,4359,4359,4359,4359,4359,4526,4526,4526,4359,4359,4359,4359,4359,4359,4359,4359,4359,4359,4359,4359,4359,4359,4359,4359,4359,4359,4359,4359,4359,4359,4359,4359,4359,4359,4359,4359,4359,4359,4359,4359,4359,4359,4359,4359,4359,4359,4359,4359,4359,4359,4359,4359,4359,4359,4359,4359,4359,4359,4359,4359,4359,4359,4359,4359,4359,4359,4359,4359,4359,4359,4359,4359,4359,4359,4359,4359,4359,4359,4359,4359,4359,4359,4359,4359,4359,4359,4359,4359,4359,4359,4359,4359,4359,4359,4359,4359
4359,4359,4359,4359,4359,4359,4359,4359,4526,4526,4526,4526,4359,4359,4359,4359,4359,4359,4359,4359,4359,4359,4359,4359,4359,4359,4359,4359,4359,4359,4359,4359,4359,4359,4359,4359,4359,4359,4359,4359,4359,4359,4359,4359,4359,4359,4359,4359,4359,4359,4359,4359,4359,4359,4359,4359,4359,4359,4359,4359,4359,4359,4359,4359,4359,4359,4359,4359,4359,4359,4359,4359,4359,4359,4359,4359,4359,4359,4359,4359,4359,4359,4359,4359,4359,4359,4359,4359,4359,4359,4359,4359,4359,4359,4359,4359,4359,4359,4359,4359
4359,4359,4359,4359,4359,4359,4359,4359,4526,4526,4526,4526,4359,4359,4359,4359,4359,4359,4359,4359,4359,4359,4359,4359,4359,4359,4359,4359,4359,4359,4359,4359,4359,4359,4359,4359,4359,4359,4359,4359,4359,4359,4359,4359,4359,4359,4359,4359,4359,4359,4359,4359,4359,4359,4359,4359,4359,4359,4359,4359,4359,4359,4359,4359,4359,4359,4359,4359,4359,4359,4359,4359,4359,4359,4359,4359,4359,4359,4359,4359,4359,4359,4359,4359,4359,4359,4359,4359,4359,4359,4359,4359,4359,4359,4359,4359,4359,4359,4359,4359
4359,4359,4359,4359,4359,4359,4359,4359,4526,4526,4526,4526,4359,4359,4359,4359,4359,4359,4359,4359,4359,4359,4359,4359,4359,4359,4359,4359,4359,4359,4359,4359,4359,4359,4359,4359,4359,4359,4359,4359,4359,4359,4359,4359,4359,4359,4359,4359,4359,4359,4359,4359,4359,4359,4359,4359,4359,4359,4359,4359,4359,4359,4359,4359,4359,4359,4359,4359,4359,4359,4359,4359,4359,4359,4359,4359,4359,4359,4359,4359,4359,4359,4359,4359,4359,4359,4359,4359,4359,4359,4359,4359,4359,4359,4359,4359,4359,4359,4359,4359
4359,4359,4359,4359,4359,4359,4359,4526,4526,4526,4526,4359,4359,4359,4359,4359,4359,4359,4359,4359,4359,4359,4359,4359,4359,4359,4359,4359,4359,4359,4359,4359,4359,4359,4359,4359,4359,4359,4359,4359,4359,4359,4359,4359,4359,4359,4359,4359,4359,4359,4359,4359,4359,4359,4359,4359,4359,4359,4359,4359,4359,4359,4359,4359,4359,4359,4359,4359,4359,4359,4359,4359,4359,4359,4359,4359,4359,4359,4359,4359,4359,4359,4359,4359,4359,4359,4359,4359,4359,4359,4359,4359,4359,4359,4359,4359,4359,4359,4359,4359
4359,4359,4359,4359,4359,4359,4359,4526,4526,4526,4526,4359,4359,4359,4359,4359,4359,4359,4359,4359,4359,4359,4359,4359,4359,4359,4359,4359,4359,4359,4359,4359,4359,4359,4359,4359,4359,4359,4359,4359,4359,4359,4359,4359,4359,4359,4359,4359,4359,4359,4359,4359,4359,4359,4359,4359,4359,4359,4359,4359,4359,4359,4359,4359,4359,4359,4359,4359,4359,4359,4359,4359,4359,4359,4359,4359,4359,4359,4359,4359,4359,4359,4359,4359,4359,4359,4359,4359,4359,4359,4359,4359,4359,4359,4359,4359,4359,4359,4359,4359
4359,4359,4359,4359,4359,4359,4526,4526,4526,4526,4526,4359,4359,4359,4359,4359,4359,4359,4359,4359,4359,4359,4359,4359,4359,4359,4359,4359,4359,4359,4359,4359,4359,4359,4359,4359,4359,4359,4359,4359,4359,4359,4359,4359,4359,4359,4359,4359,4359,4359,4359,4359,4359,4359,4359,4359,4359,4359,4359,4359,4359,4359,4359,4359,4359,4359,4359,4359,4359,4359,4359,4359,4359,4359,4359,4359,4359,4359,4359,4359,4359,4359,4359,4359,4359,4359,4359,4359,4359,4359,4359,4359,4359,4359,4359,4359,4359,4359,4359,4359
4359,4359,4359,4359,4359,4526,4526,4526,4526,4526,4359,4359,4359,4359,4359,4359,4359,4359,4359,4359,4359,4359,4359,4359,4359,4359,4359,4359,4359,4359,4359,4359,4359,4359,4359,4359,4359,4359,4359,4359,4359,4359,4359,4359,4359,4359,4359,4359,4359,4359,4359,4359,4359,4359,4359,4359,4359,4359,4359,4359,4359,4359,4359,4359,4359,4359,4359,4359,4359,4359,4359,4359,4359,4359,4359,4359,4359,4359,4359,4359,4359,4359,4359,4359,4359,4359,4359,4359,4359,4359,4359,4359,4359,4359,4359,4359,4359,4359,4359,4359
4359,4359,4359,4359,4526,4526,4526,4526,4526,4526,4359,4359,4359,4359,4359,4359,4359,4359,4359,4359,4359,4359,4359,4359,4359,4359,4359,4359,4359,4359,4359,4359,4359,4359,4359,4359,4359,4359,4359,4359,4359,4359,4359,4359,4359,4359,4359,4359,4359,4359,4359,4359,4359,4359,4359,4359,4359,4359,4359,4359,4359,4359,4359,4359,4359,4359,4359,4359,4359,4359,4359,4359,4359,4359,4359,4359,4359,4359,4359,4359,4359,4359,4359,4359,4359,4359,4359,4359,4359,4359,4359,4359,4359,4359,4359,4359,4359,4359,4359,4359
4359,4359,4359,4359,4526,4526,4526,4526,4526,4359,4359,4359,4359,4359,4359,4359,4359,4359,4359,4359,4359,4359,4359,4359,4359,4359,4359,4359,4359,4359,4359,4359,4359,4359,4359,4359,4359,4359,4359,4359,4359,4359,4359,4359,4359,4359,4359,4359,4359,4359,4359,4359,4359,4359,4359,4359,4359,4359,4359,4359,4359,4359,4359,4359,4359,4359,4359,4359,4359,4359,4359,4359,4359,4359,4359,4359,4359,4359,4359,4359,4359,4359,4359,4359,4359,4359,4359,4359,4359,4359,4359,4359,4359,4359,4359,4359,4359,4359,4359,4359
4359,4359,4359,4526,4526,4526,4526,4526,4359,4359,4359,4359,4359,4359,4359,4359,4359,4359,4359,4359,4359,4359,4359,4359,4359,4359,4359,4359,4359,4359,4359,4359,4359,4359,4359,4359,4359,4359,4359,4359,4359,4359,4359,4359,4359,4359,4359,4359,4359,4359,4359,4359,4359,4359,4359,4359,4359,4359,4359,4359,4359,4359,4359,4359,4359,4359,4359,4359,4359,4359,4359,4359,4359,4359,4359,4359,4359,4359,4359,4359,4359,4359,4359,4359,4359,4359,4359,4359,4359,4359,4359,4359,4359,4359,4359,4359,4359,4359,4359,4359
4359,4359,4359,4526,4526,4526,4526,4359,4359,4359,4359,4359,4359,4359,4359,4359,4359,4359,4359,4359,4359,4359,4359,4359,4359,4359,4359,4359,4359,4359,4359,4359,4359,4359,4359,4359,4359,4359,4359,4359,4359,4359,4359,4359,4359,4359,4359,4359,4359,4359,4359,4359,4359,4359,4359,4359,4359,4359,4359,4359,4359,4359,4359,4359,4359,4359,4359,4359,4359,4359,4359,4359,4359,4359,4359,4359,4359,4359,4359,4359,4359,4359,4359,4359,4359,4359,4359,4359,4359,4359,4359,4359,4359,4359,4359,4359,4359,4359,4359,4359
4359,4359,4526,4526,4526,4526,4526,4359,4359,4359,4359,4359,4359,4359,4359,4359,4359,4359,4359,4359,4359,4359,4359,4359,4359,4359,4359,4359,4359,4359,4359,4359,4359,4359,4359,4359,4359,4359,4359,4359,4359,4359,4359,4359,4359,4359,4359,4359,4359,4359,4359,4359,4359,4359,4359,4359,4359,4359,4359,4359,4359,4359,4359,4359,4359,4359,4359,4359,4359,4359,4359,4359,4359,4359,4359,4359,4359,4359,4359,4359,4359,4359,4359,4359,4359,4359,4359,4359,4359,4359,4359,4359,4359,4359,4359,4359,4359,4359,4359,4359
4359,4359,4526,4526,4526,4526,4359,4359,4359,4359,4359,4359,4359,4359,4359,4359,4359,4359,4359,4359,4359,4359,4359,4359,4359,4359,4359,4359,4359,4359,4359,4359,4359,4359,4359,4359,4359,4359,4359,4359,4359,4359,4359,4359,4359,4359,4359,4359,4359,4359,4359,4359,4359,4359,4359,4359,4359,4359,4359,4359,4359,4359,4359,4359,4359,4359,4359,4359,4359,4359,4359,4359,4359,4359,4359,4359,4359,4359,4359,4359,4359,4359,4359,4359,4359,4359,4359,4359,4359,4359,4359,4359,4359,4359,4359,4359,4359,4359,4359,4359
4359,4359,4526,4526,4526,4526,4359,4359,4359,4359,4359,4359,4359,4359,4359,4359,4359,4359,4359,4359,4359,4359,4359,4359,4359,4359,4359,4359,4359,4359,4359,4359,4359,4359,4359,4359,4359,4359,4359,4359,4359,4359,4359,4359,4359,4359,4359,4359,4359,4359,4359,4359,4359,4359,4359,4359,4359,4359,4359,4359,4359,4359,4359,4359,4359,4359,4359,4359,4359,4359,4359,4359,4359,4359,4359,4359,4359,4359,4359,4359,4359,4359,4359,4359,4359,4359,4359,4359,4359,4359,4359,4359,4359,4359,4359,4359,4359,4359,4359,4359
4359,4359,4526,4526,4526,4359,4359,4359,4359,4359,4359,4359,4359,4359,4359,4359,4359,4359,4359,4359,4359,4359,4359,4359,4359,4359,4359,4359,4359,4359,4359,4359,4359,4359,4359,4359,4359,4359,4359,4359,4359,4359,4359,4359,4359,4359,4359,4359,4359,4359,4359,4359,4359,4359,4359,4359,4359,4359,4359,4359,4359,4359,4359,4359,4359,4359,4359,4359,4359,4359,4359,4359,4359,4359,4359,4359,4359,4359,4359,4359,4359,4359,4359,4359,4359,4359,4359,4359,4359,4359,4359,4359,4359,4359,4359,4359,4359,4359,4359,4359
4359,4359,4526,4526,4526,4359,4359,4359,4359,4359,4359,4359,4359,4359,4359,4359,4359,4359,4359,4359,4359,4359,4359,4359,4359,4359,4359,4359,4359,4359,4359,4359,4359,4359,4359,4359,4359,4359,4359,4359,4359,4359,4359,4359,4359,4359,4359,4359,4359,4359,4359,4359,4359,4359,4359,4359,4359,4359,4359,4359,4359,4359,4359,4359,4359,4359,4359,4359,4359,4359,4359,4359,4359,4359,4359,4359,4359,4359,4359,4359,4359,4359,4359,4359,4359,4359,4359,4359,4359,4359,4359,4359,4359,4359,4359,4359,4359,4359,4359,4359
4359,4359,4526,4526,4526,4526,4359,4359,4359,4359,4359,4359,4359,4359,4359,4359,4359,4359,4359,4359,4359,4359,4359,4359,4359,4359,4359,4359,4359,4359,4359,4359,4359,4359,4359,4359,4359,4359,4359,4359,4359,4359,4359,4359,4359,4359,4359,4359,4359,4359,4359,4359,4359,4359,4359,4359,4359,4359,4359,4359,4359,4359,4359,4359,4359,4359,4359,4359,4359,4359,4359,4359,4359,4359,4359,4359,4359,4359,4359,4359,4359,4359,4359,4359,4359,4359,4359,4359,4359,4359,4359,4359,4359,4359,4359,4359,4359,4359,4359,4359
4359,4359,4526,4526,4526,4526,4526,4359,4359,4359,4359,4359,4359,4359,4359,4359,4359,4359,4359,4359,4359,4359,4359,4359,4359,4359,4359,4359,4359,4359,4359,4359,4359,4359,4359,4359,4359,4359,4359,4359,4359,4359,4359,4359,4359,4359,4359,4359,4359,4359,4359,4359,4359,4359,4359,4359,4359,4359,4359,4359,4359,4359,4359,4359,4359,4359,4359,4359,4359,4359,4359,4359,4359,4359,4359,4359,4359,4359,4359,4359,4359,4359,4359,4359,4359,4359,4359,4359,4359,4359,4359,4359,4359,4359,4359,4359,4359,4359,4359,4359
4359,4359,4526,4526,4526,4526,4526,4526,4359,4359,4359,4359,4359,4359,4359,4359,4359,4359,4359,4359,4359,4359,4359,4359,4359,4359,4359,4359,4359,4359,4359,4359,4359,4359,4359,4359,4359,4359,4359,4359,4359,4359,4359,4359,4359,4359,4359,4359,4359,4359,4359,4359,4359,4359,4359,4359,4359,4359,4359,4359,4359,4359,4359,4359,4359,4359,4359,4359,4359,4359,4359,4359,4359,4359,4359,4359,4359,4359,4359,4359,4359,4359,4359,4359,4359,4359,4359,4359,4359,4359,4359,4359,4359,4359,4359,4359,4359,4359,4359,4359
4359,4359,4359,4526,4526,4526,4526,4526,4526,4359,4359,4359,4359,4359,4359,4359,4359,4359,4359,4359,4359,4359,4359,4359,4359,4359,4359,4359,4359,4359,4359,4359,4359,4359,4359,4359,4359,4359,4359,4359,4359,4359,4359,4359,4359,4359,4359,4359,4359,4359,4359,4359,4359,4359,4359,4359,4359,4359,4359,4359,4359,4359,4359,4359,4359,4359,4359,4359,4359,4359,4359,4359,4359,4359,4359,4359,4359,4359,4359,4359,4359,4359,4359,4359,4359,4359,4359,4359,4359,4359,4359,4359,4359,4359,4359,4359,4359,4359,4359,4359
4359,4359,4359,4359,4526,4526,4526,4526,4526,4359,4359,4359,4359,4359,4359,4359,4359,4359,4359,4359,4359,4359,4359,4359,4359,4359,4359,4359,4359,4359,4359,4359,4359,4359,4359,4359,4359,4359,4359,4359,4359,4359,4359,4359,4359,4359,4359,4359,4359,4359,4359,4359,4359,4359,4359,4359,4359,4359,4359,4359,4359,4359,4359,4359,4359,4359,4359,4359,4359,4359,4359,4359,4359,4359,4359,4359,4359,4359,4359,4359,4359,4359,4359,4359,4359,4359,4359,4359,4359,4359,4359,4359,4359,4359,4359,4359,4359,4359,4359,4359
4359,4359,4359,4359,4359,4526,4526,4526,4526,4359,4359,4359,4359,4359,4359,4359,4359,4359,4359,4359,4359,4359,4359,4359,4359,4359,4359,4359,4359,4359,4359,4359,4359,4359,4359,4359,4359,4359,4359,4359,4359,4359,4359,4359,4359,4359,4359,4359,4359,4359,4359,4359,4359,4359,4359,4359,4359,4359,4359,4359,4359,4359,4359,4359,4359,4359,4359,4359,4359,4359,4359,4359,4359,4359,4359,4359,4359,4359,4359,4359,4359,4359,4359,4359,4359,4359,4359,4359,4359,4359,4359,4359,4359,4359,4359,4359,4359,4359,4359,4359
4359,4359,4359,4359,4359,4359,4526,4526,4526,4359,4359,4359,4359,4359,4359,4359,4359,4359,4359,4359,4359,4359,4359,4359,4359,4359,4359,4359,4359,4359,4359,4359,4359,4359,4359,4359,4359,4359,4359,4359,4359,4359,4359,4359,4359,4359,4359,4359,4359,4359,4359,4359,4359,4359,4359,4359,4359,4359,4359,4359,4359,4359,4359,4359,4359,4359,4359,4359,4359,4359,4359,4359,4359,4359,4359,4359,4359,4359,4359,4359,4359,4359,4359,4359,4359,4359,4359,4359,4359,4359,4359,4359,4359,4359,4359,4359,4359,4359,4359,4359
4359,4359,4359,4359,4359,4359,4526,4526,4526,4359,4359,4359,4359,4359,4359,4359,4359,4359,4359,4359,4359,4359,4359,4359,4359,4359,4359,4359,4359,4359,4359,4359,4359,4359,4359,4359,4359,4359,4359,4359,4359,4359,4359,4359,4359,4359,4359,4359,4359,4359,4359,4359,4359,4359,4359,4359,4359,4359,4359,4359,4359,4359,4359,4359,4359,4359,4359,4359,4359,4359,4359,4359,4359,4359,4359,4359,4359,4359,4359,4359,4359,4359,4359,4359,4359,4359,4359,4359,4359,4359,4359,4359,4359,4359,4359,4359,4359,4359,4359,4359
4359,4359,4359,4359,4359,4359,4526,4526,4526,4359,4359,4359,4359,4359,4359,4359,4359,4359,4359,4359,4359,4359,4359,4359,4359,4359,4359,4359,4359,4359,4359,4359,4359,4359,4359,4359,4359,4359,4359,4359,4359,4359,4359,4359,4359,4359,4359,4359,4359,4359,4359,4359,4359,4359,4359,4359,4359,4359,4359,4359,4359,4359,4359,4359,4359,4359,4359,4359,4359,4359,4359,4359,4359,4359,4359,4359,4359,4359,4359,4359,4359,4359,4359,4359,4359,4359,4359,4359,4359,4359,4359,4359,4359,4359,4359,4359,4359,4359,4359,4359
4359,4359,4359,4359,4359,4359,4526,4526,4526,4359,4359,4359,4359,4359,4359,4359,4359,4359,4359,4359,4359,4359,4359,4359,4359,4359,4359,4359,4359,4359,4359,4359,4359,4359,4359,4359,4359,4359,4359,4359,4359,4359,4359,4359,4359,4359,4359,4359,4359,4359,4359,4359,4359,4359,4359,4359,4359,4359,4359,4359,4359,4359,4359,4359,4359,4359,4359,4359,4359,4359,4359,4359,4359,4359,4359,4359,4359,4359,4359,4359,4359,4359,4359,4359,4359,4359,4359,4359,4359,4359,4359,4359,4359,4359,4359,4359,4359,4359,4359,4359
4359,4359,4359,4359,4359,4526,4526,4526,4526,4359,4359,4359,4359,4359,4359,4359,4359,4359,4359,4359,4359,4359,4359,4359,4359,4359,4359,4359,4359,4359,4359,4359,4359,4359,4359,4359,4359,4359,4359,4359,4359,4359,4359,4359,4359,4359,4359,4359,4359,4359,4359,4359,4359,4359,4359,4359,4359,4359,4359,4359,4359,4359,4359,4359,4359,4359,4359,4359,4359,4359,4359,4359,4359,4359,4359,4359,4359,4359,4359,4359,4359,4359,4359,4359,4359,4359,4359,4359,4359,4359,4359,4359,4359,4359,4359,4359,4359,4359,4359,4359
4359,4359,4359,4359,4359,4526,4526,4526,4526,4359,4359,4359,4359,4359,4359,4359,4359,4359,4359,4359,4359,4359,4359,4359,4359,4359,4359,4359,4359,4359,4359,4359,4359,4359,4359,4359,4359,4359,4359,4359,4359,4359,4359,4359,4359,4359,4359,4359,4359,4359,4359,4359,4359,4359,4359,4359,4359,4359,4359,4359,4359,4359,4359,4359,4359,4359,4359,4359,4359,4359,4359,4359,4359,4359,4359,4359,4359,4359,4359,4359,4359,4359,4359,4359,4359,4359,4359,4359,4359,4359,4359,4359,4359,4359,4359,4359,4359,4359,4359,4359
4359,4359,4359,4359,4359,4526,4526,4526,4526,4359,4359,4359,4359,4359,4359,4359,4359,4359,4359,4359,4359,4359,4359,4359,4359,4359,4359,4359,4359,4359,4359,4359,4359,4359,4359,4359,4359,4359,4359,4359,4359,4359,4359,4359,4359,4359,4359,4359,4359,4359,4359,4359,4359,4359,4359,4359,4359,4359,4359,4359,4359,4359,4359,4359,4359,4359,4359,4359,4359,4359,4359,4359,4359,4359,4359,4359,4359,4359,4359,4359,4359,4359,4359,4359,4359,4359,4359,4359,4359,4359,4359,4359,4359,4359,4359,4359,4359,4359,4359,4359
4359,4359,4359,4359,4526,4526,4526,4526,4359,4359,4359,4359,4359,4359,4359,4359,4359,4359,4359,4359,4359,4359,4359,4359,4359,4359,4359,4359,4359,4359,4359,4359,4359,4359,4359,4359,4359,4359,4359,4359,4359,4359,4359,4359,4359,4359,4359,4359,4359,4359,4359,4359,4359,4359,4359,4359,4359,4359,4359,4359,4359,4359,4359,4359,4359,4359,4359,4359,4359,4359,4359,4359,4359,4359,4359,4359,4359,4359,4359,4359,4359,4359,4359,4359,4359,4359,4359,4359,4359,4359,4359,4359,4359,4359,4359,4359,4359,4359,4359,4359
4359,4359,4359,4526,4526,4526,4526,4526,4359,4359,4359,4359,4359,4359,4359,4359,4359,4359,4359,4359,4359,4359,4359,4359,4359,4359,4359,4359,4359,4359,4359,4359,4359,4359,4359,4359,4359,4359,4359,4359,4359,4359,4359,4359,4359,4359,4359,4359,4359,4359,4359,4359,4359,4359,4359,4359,4359,4359,4359,4359,4359,4359,4359,4359,4359,4359,4359,4359,4359,4359,4359,4359,4359,4359,4359,4359,4359,4359,4359,4359,4359,4359,4359,4359,4359,4359,4359,4359,4359,4359,4359,4359,4359,4359,4359,4359,4359,4359,4359,4359
4359,4359,4526,4526,4526,4526,4526,4526,4359,4359,4359,4359,4359,4359,4359,4359,4359,4359,4359,4359,4359,4359,4359,4359,4359,4359,4359,4359,4359,4359,4359,4359,4359,4359,4359,4359,4359,4359,4359,4359,4359,4359,4359,4359,4359,4359,4359,4359,4359,4359,4359,4359,4359,4359,4359,4359,4359,4359,4359,4359,4359,4359,4359,4359,4359,4359,4359,4359,4359,4359,4359,4359,4359,4359,4359,4359,4359,4359,4359,4359,4359,4359,4359,4359,4359,4359,4359,4359,4359,4359,4359,4359,4359,4359,4359,4359,4359,4359,4359,4359
4359,4359,4526,4526,4526,4526,4526,4359,4359,4359,4359,4359,4359,4359,4359,4359,4359,4359,4359,4359,4359,4359,4359,4359,4359,4359,4359,4359,4359,4359,4359,4359,4359,4359,4359,4359,4359,4359,4359,4359,4359,4359,4359,4359,4359,4359,4359,4359,4359,4359,4359,4359,4359,4359,4359,4359,4359,4359,4359,4359,4359,4359,4359,4359,4359,4359,4359,4359,4359,4359,4359,4359,4359,4359,4359,4359,4359,4359,4359,4359,4359,4359,4359,4359,4359,4359,4359,4359,4359,4359,4359,4359,4359,4359,4359,4359,4359,4359,4359,4359
4359,4526,4526,4526,4526,4526,4359,4359,4359,4359,4359,4359,4359,4359,4359,4359,4359,4359,4359,4359,4359,4359,4359,4359,4359,4359,4359,4359,4359,4359,4359,4359,4359,4359,4359,4359,4359,4359,4359,4359,4359,4359,4359,4359,4359,4359,4359,4359,4359,4359,4359,4359,4359,4359,4359,4359,4359,4359,4359,4359,4359,4359,4359,4359,4359,4359,4359,4359,4359,4359,4359,4359,4359,4359,4359,4359,4359,4359,4359,4359,4359,4359,4359,4359,4359,4359,4359,4359,4359,4359,4359,4359,4359,4359,4359,4359,4359,4359,4359,4359
4359,4526,4526,4526,4526,4359,4359,4359,4359,4359,4359,4359,4359,4359,4359,4359,4359,4359,4359,4359,4359,4359,4359,4359,4359,4359,4359,4359,4359,4359,4359,4359,4359,4359,4359,4359,4359,4359,4359,4359,4359,4359,4359,4359,4359,4359,4359,4359,4359,4359,4359,4359,4359,4359,4359,4359,4359,4359,4359,4359,4359,4359,4359,4359,4359,4359,4359,4359,4359,4359,4359,4359,4359,4359,4359,4359,4359,4359,4359,4359,4359,4359,4359,4359,4359,4359,4359,4359,4359,4359,4359,4359,4359,4359,4359,4359,4359,4359,4359,4359
4359,4526,4526,4526,4526,4359,4359,4359,4359,4359,4359,4359,4359,4359,4359,4359,4359,4359,4359,4359,4359,4359,4359,4359,4359,4359,4359,4359,4359,4359,4359,4359,4359,4359,4359,4359,4359,4359,4359,4359,4359,4359,4359,4359,4359,4359,4359,4359,4359,4359,4359,4359,4359,4359,4359,4359,4359,4359,4359,4359,4359,4359,4359,4359,4359,4359,4359,4359,4359,4359,4359,4359,4359,4359,4359,4359,4359,4359,4359,4359,4359,4359,4359,4359,4359,4359,4359,4359,4359,4359,4359,4359,4359,4359,4359,4359,4359,4359,4359,4359
4359,4526,4526,4526,4359,4359,4359,4359,4359,4359,4359,4359,4359,4359,4359,4359,4359,4359,4359,4359,4359,4359,4359,4359,4359,4359,4359,4359,4359,4359,4359,4359,4359,4359,4359,4359,4359,4359,4359,4359,4359,4359,4359,4359,4359,4359,4359,4359,4359,4359,4359,4359,4359,4359,4359,4359,4359,4359,4359,4359,4359,4359,4359,4359,4359,4359,4359,4359,4359,4359,4359,4359,4359,4359,4359,4359,4359,4359,4359,4359,4359,4359,4359,4359,4359,4359,4359,4359,4359,4359,4359,4359,4359,4359,4359,4359,4359,4359,4359,4359
4359,4526,4526,4526,4359,4359,4359,4359,4359,4359,4359,4359,4359,4359,4359,4359,4359,4359,4359,4359,4359,4359,4359,4359,4359,4359,4359,4359,4359,4359,4359,4359,4359,4359,4359,4359,4359,4359,4359,4359,4359,4359,4359,4359,4359,4359,4359,4359,4359,4359,4359,4359,4359,4359,4359,4359,4359,4359,4359,4359,4359,4359,4359,4359,4359,4359,4359,4359,4359,4359,4359,4359,4359,4359,4359,4359,4359,4359,4359,4359,4359,4359,4359,4359,4359,4359,4359,4359,4359,4359,4359,4359,4359,4359,4359,4359,4359,4359,4359,4359
4359,4526,4526,4526,4359,4359,4359,4359,4359,4359,4359,4359,4359,4359,4359,4359,4359,4359,4359,4359,4359,4359,4359,4359,4359,4359,4359,4359,4359,4359,4359,4359,4359,4359,4359,4359,4359,4359,4359,4359,4359,4359,4359,4359,4359,4359,4359,4359,4359,4359,4359,4359,4359,4359,4359,4359,4359,4359,4359,4359,4359,4359,4359,4359,4359,4359,4359,4359,4359,4359,4359,4359,4359,4359,4359,4359,4359,4359,4359,4359,4359,4359,4359,4359,4359,4359,4359,4359,4359,4359,4359,4359,4359,4359,4359,4359,4359,4359,4359,4359
4359,4526,4526,4526,4359,4359,4359,4359,4359,4359,4359,4359,4359,4359,4359,4359,4359,4359,4359,4359,4359,4359,4359,4359,4359,4359,4359,4359,4359,4359,4359,4359,4359,4359,4359,4359,4359,4359,4359,4359,4359,4359,4359,4359,4359,4359,4359,4359,4359,4359,4359,4359,4359,4359,4359,4359,4359,4359,4359,4359,4359,4359,4359,4359,4359,4359,4359,4359,4359,4359,4359,4359,4359,4359,4359,4359,4359,4359,4359,4359,4359,4359,4359,4359,4359,4359,4359,4359,4359,4359,4359,4359,4359,4359,4359,4359,4359,4359,4359,4359
4359,4526,4526,4526,4359,4359,4359,4359,4359,4359,4359,4359,4359,4359,4359,4359,4359,4359,4359,4359,4359,4359,4359,4359,4359,4359,4359,4359,4359,4359,4359,4359,4359,4359,4359,4359,4359,4359,4359,4359,4359,4359,4359,4359,4359,4359,4359,4359,4359,4359,4359,4359,4359,4359,4359,4359,4359,4359,4359,4359,4359,4359,4359,4359,4359,4359,4359,4359,4359,4359,4359,4359,4359,4359,4359,4359,4359,4359,4359,4359,4359,4359,4359,4359,4359,4359,4359,4359,4359,4359,4359,4359,4359,4359,4359,4359,4359,4359,4359,4359
4359,4526,4526,4526,4359,4359,4359,4359,4359,4359,4359,4359,4359,4359,4359,4359,4359,4359,4359,4359,4359,4359,4359,4359,4359,4359,4359,4359,4359,4359,4359,4359,4359,4359,4359,4359,4359,4359,4359,4359,4359,4359,4359,4359,4359,4359,4359,4359,4359,4359,4359,4359,4359,4359,4359,4359,4359,4359,4359,4359,4359,4359,4359,4359,4359,4359,4359,4359,4359,4359,4359,4359,4359,4359,4359,4359,4359,4359,4359,4359,4359,4359,4359,4359,4359,4359,4359,4359,4359,4359,4359,4359,4359,4359,4359,4359,4359,4359,4359,4359
4359,4526,4526,4526,4359,4359,4359,4359,4359,4359,4359,4359,4359,4359,4359,4359,4359,4359,4359,4359,4359,4359,4359,4359,4359,4359,4359,4359,4359,4359,4359,4359,4359,4359,4359,4359,4359,4359,4359,4359,4359,4359,4359,4359,4359,4359,4359,4359,4359,4359,4359,4359,4359,4359,4359,4359,4359,4359,4359,4359,4359,4359,4359,4359,4359,4359,4359,4359,4359,4359,4359,4359,4359,4359,4359,4359,4359,4359,4359,4359,4359,4359,4359,4359,4359,4359,4359,4359,4359,4359,4359,4359,4359,4359,4359,4359,4359,4359,4359,4359
4359,4526,4526,4526,4526,4359,4359,4359,4359,4359,4359,4359,4359,4359,4359,4359,4359,4359,4359,4359,4359,4359,4359,4359,4359,4359,4359,4359,4359,4359,4359,4359,4359,4359,4359,4359,4359,4359,4359,4359,4359,4359,4359,4359,4359,4359,4359,4359,4359,4359,4359,4359,4359,4359,4359,4359,4359,4359,4359,4359,4359,4359,4359,4359,4359,4359,4359,4359,4359,4359,4359,4359,4359,4359,4359,4359,4359,4359,4359,4359,4359,4359,4359,4359,4359,4359,4359,4359,4359,4359,4359,4359,4359,4359,4359,4359,4359,4359,4359,4359
4359,4526,4526,4526,4526,4359,4359,4359,4359,4359,4359,4359,4359,4359,4359,4359,4359,4359,4359,4359,4359,4359,4359,4359,4359,4359,4359,4359,4359,4359,4359,4359,4359,4359,4359,4359,4359,4359,4359,4359,4359,4359,4359,4359,4359,4359,4359,4359,4359,4359,4359,4359,4359,4359,4359,4359,4359,4359,4359,4359,4359,4359,4359,4359,4359,4359,4359,4359,4359,4359,4359,4359,4359,4359,4359,4359,4359,4359,4359,4359,4359,4359,4359,4359,4359,4359,4359,4359,4359,4359,4359,4359,4359,4359,4359,4359,4359,4359,4359,4359
4359,4526,4526,4526,4526,4359,4359,4359,4359,4359,4359,4359,4359,4359,4359,4359,4359,4359,4359,4359,4359,4359,4359,4359,4359,4359,4359,4359,4359,4359,4359,4359,4359,4359,4359,4359,4359,4359,4359,4359,4359,4359,4359,4359,4359,4359,4359,4359,4359,4359,4359,4359,4359,4359,4359,4359,4359,4359,4359,4359,4359,4359,4359,4359,4359,4359,4359,4359,4359,4359,4359,4359,4359,4359,4359,4359,4359,4359,4359,4359,4359,4359,4359,4359,4359,4359,4359,4359,4359,4359,4359,4359,4359,4359,4359,4359,4359,4359,4359,4359
4359,4359,4526,4526,4526,4359,4359,4359,4359,4359,4359,4359,4359,4359,4359,4359,4359,4359,4359,4359,4359,4359,4359,4359,4359,4359,4359,4359,4359,4359,4359,4359,4359,4359,4359,4359,4359,4359,4359,4359,4359,4359,4359,4359,4359,4359,4359,4526,4526,4526,4359,4359,4359,4359,4359,4359,4359,4359,4359,4359,4359,4359,4359,4359,4359,4359,4359,4359,4359,4359,4359,4359,4359,4359,4359,4359,4359,4359,4359,4359,4359,4359,4359,4359,4359,4359,4359,4359,4359,4359,4359,4359,4359,4359,4359,4359,4359,4359,4359,4359
4359,4359,4526,4526,4526,4526,4359,4359,4359,4359,4359,4359,4359,4359,4359,4359,4359,4359,4359,4359,4359,4359,4359,4359,4359,4359,4359,4359,4359,4359,4359,4359,4359,4359,4359,4359,4359,4359,4359,4359,4359,4359,4359,4359,4359,4359,4526,4526,4526,4526,4526,4359,4359,4359,4359,4359,4359,4359,4359,4359,4359,4359,4359,4359,4359,4359,4359,4359,4359,4359,4359,4359,4359,4359,4359,4359,4359,4359,4359,4359,4359,4359,4359,4359,4359,4359,4359,4359,4359,4359,4359,4359,4359,4359,4359,4359,4359,4359,4359,4359
4359,4359,4526,4526,4526,4526,4359,4359,4359,4359,4359,4359,4359,4359,4359,4359,4359,4359,4359,4359,4359,4359,4359,4359,4359,4359,4359,4359,4359,4359,4359,4359,4359,4359,4359,4359,4359,4359,4359,4359,4359,4359,4359,4359,4526,4526,4526,4526,4526,4526,4526,4359,4359,4359,4359,4359,4359,4359,4359,4359,4359,4359,4359,4359,4359,4359,4359,4359,4359,4359,4359,4359,4359,4359,4359,4359,4359,4359,4359,4359,4359,4359,4359,4359,4359,4359,4359,4359,4359,4359,4359,4359,4359,4359,4359,4359,4359,4359,4359,4359
4359,4359,4526,4526,4526,4526,4526,4359,4359,4359,4359,4359,4359,4359,4359,4359,4359,4359,4359,4359,4359,4359,4359,4359,4359,4359,4359,4359,4359,4359,4359,4359,4359,4359,4359,4359,4359,4359,4359,4359,4526,4526,4526,4526,4526,4526,4526,4526,4526,4526,4526,4359,4359,4359,4359,4359,4359,4359,4359,4359,4359,4359,4359,4359,4359,4359,4359,4359,4359,4359,4359,4359,4359,4359,4359,4359,4359,4359,4359,4359,4359,4359,4359,4359,4359,4359,4359,4359,4359,4359,4359,4359,4359,4359,4359,4359,4359,4359,4359,4359
4359,4359,4359,4526,4526,4526,4526,4526,4359,4359,4359,4359,4359,4359,4359,4359,4359,4359,4359,4359,4359,4359,4359,4359,4359,4359,4359,4359,4359,4359,4359,4359,4359,4359,4359,4359,4359,4359,4526,4526,4526,4526,4526,4526,4526,4526,4526,4526,4526,4513,4527,4359,4359,4359,4359,4359,4359,4359,4359,4359,4359,4359,4359,4359,4359,4359,4359,4359,4359,4359,4359,4359,4359,4359,4359,4359,4359,4359,4359,4359,4359,4359,4359,4359,4359,4359,4359,4359,4359,4359,4359,4359,4359,4359,4359,4359,4359,4359,4359,4359
4359,4359,4359,4526,4526,4526,4526,4526,4526,4359,4359,4359,4359,4359,4359,4359,4359,4359,4359,4359,4359,4359,4359,4359,4359,4359,4359,4359,4359,4359,4359,4359,4359,4359,4359,4526,4526,4526,4526,4526,4526,4526,4526,4526,4526,4526,4526,4359,4527,4540,4538,4359,4359,4359,4359,4359,4359,4359,4359,4359,4359,4359,4359,4359,4359,4359,4359,4359,4359,4359,4359,4359,4359,4359,4359,4359,4359,4359,4359,4359,4359,4359,4359,4359,4359,4359,4359,4359,4359,4359,4359,4359,4359,4359,4359,4359,4359,4359,4359,4359
4359,4359,4359,4359,4526,4526,4526,4526,4526,4526,4359,4359,4359,4359,4359,4359,4359,4359,4359,4359,4359,4359,4359,4359,4359,4359,4359,4359,4359,4359,4359,4526,4526,4526,4526,4526,4526,4526,4526,4526,4526,4526,4526,4359,4359,4359,4359,4359,4525,4512,4512,4359,4359,4359,4359,4359,4359,4359,4359,4359,4359,4359,4359,4359,4359,4359,4359,4359,4359,4359,4359,4359,4359,4359,4359,4359,4359,4359,4359,4359,4359,4359,4359,4359,4359,4359,4359,4359,4359,4359,4359,4359,4359,4359,4359,4359,4359,4359,4359,4359
4359,4359,4359,4359,4359,4526,4526,4526,4526,4526,4526,4526,4359,4359,4359,4359,4359,4359,4359,4359,4359,4359,4526,4526,4526,4526,4526,4526,4526,4526,4526,4526,4526,4526,4526,4526,4526,4526,4526,4526,4526,4359,4359,4359,4359,4359,4359,4359,4526,4540,4512,4359,4359,4359,4359,4359,4359,4359,4359,4359,4359,4359,4359,4359,4359,4359,4359,4359,4359,4359,4359,4359,4359,4359,4359,4359,4359,4359,4359,4359,4359,4359,4359,4359,4359,4359,4359,4359,4359,4359,4359,4359,4359,4359,4359,4359,4359,4359,4359,4359
4359,4359,4359,4359,4359,4359,4526,4526,4526,4526,4526,4526,4526,4526,4526,4526,4526,4526,4526,4526,4526,4526,4526,4526,4526,4526,4526,4526,4526,4526,4526,4526,4526,4526,4526,4526,4526,4526,4359,4359,4359,4359,4359,4359,4359,4359,4359,4359,4525,4540,4539,4359,4359,4359,4359,4359,4359,4359,4359,4359,4359,4359,4359,4359,4359,4359,4359,4359,4359,4359,4359,4359,4359,4359,4359,4359,4359,4359,4359,4359,4359,4359,4359,4359,4359,4359,4359,4359,4359,4359,4359,4359,4359,4359,4359,4359,4359,4359,4359,4359
4359,4359,4359,4359,4359,4359,4359,4526,4526,4526,4526,4526,4526,4526,4526,4526,4526,4526,4526,4526,4526,4526,4526,4526,4526,4526,4526,4526,4526,4526,4526,4526,4526,4526,4359,4359,4359,4359,4359,4359,4359,4359,4359,4359,4359,4359,4359,4359,4527,4512,4527,4359,4359,4359,4359,4359,4359,4359,4359,4359,4359,4359,4359,4359,4359,4359,4359,4359,4359,4359,4359,4359,4359,4359,4359,4359,4359,4359,4359,4359,4359,4359,4359,4359,4359,4359,4359,4359,4359,4359,4359,4359,4359,4359,4359,4359,4359,4359,4359,4359
4359,4359,4359,4359,4359,4359,4359,4359,4359,4526,4526,4526,4526,4526,4526,4526,4526,4526,4526,4526,4526,4526,4526,4526,4526,4359,4359,4359,4359,4359,4359,4359,4359,4359,4359,4359,4359,4359,4359,4359,4359,4359,4359,4359,4359,4359,4359,4359,4539,4514,4538,4359,4359,4359,4359,4359,4359,4359,4359,4359,4359,4359,4359,4359,4359,4359,4359,4359,4359,4359,4359,4359,4359,4359,4359,4359,4359,4359,4359,4359,4359,4359,4359,4359,4359,4359,4359,4359,4359,4359,4359,4359,4359,4359,4359,4359,4359,4359,4359,4359
4359,4359,4359,4359,4359,4359,4359,4359,4359,4359,4359,4359,4359,4359,4359,4359,4359,4359,4359,4359,4359,4359,4359,4359,4359,4359,4359,4359,4359,4359,4359,4359,4359,4359,4359,4359,4359,4359,4359,4359,4359,4359,4359,4359,4359,4359,4359,4359,4512,4514,4540,4359,4359,4359,4359,4359,4359,4359,4359,4359,4359,4359,4359,4359,4359,4359,4359,4359,4359,4359,4359,4359,4359,4359,4359,4359,4359,4359,4359,4359,4359,4359,4359,4359,4359,4359,4359,4359,4359,4359,4359,4359,4359,4359,4359,4359,4359,4359,4359,4359
4359,4359,4359,4359,4359,4359,4359,4359,4359,4359,4359,4359,4359,4359,4359,4359,4359,4359,4359,4359,4359,4359,4359,4359,4359,4359,4359,4359,4359,4359,4359,4359,4359,4359,4359,4359,4359,4359,4359,4359,4359,4359,4359,4359,4359,4359,4359,4359,4527,4512,4540,4513,4359,4359,4359,4359,4359,4359,4359,4359,4359,4359,4359,4359,4359,4359,4359,4359,4359,4359,4359,4359,4359,4359,4359,4359,4359,4359,4359,4359,4359,4359,4359,4359,4359,4359,4359,4359,4359,4359,4359,4359,4359,4359,4359,4359,4359,4359,4359,4359
4359,4359,4359,4359,4359,4359,4359,4359,4359,4359,4359,4359,4359,4359,4359,4359,4359,4359,4359,4359,4359,4359,4359,4359,4359,4359,4359,4359,4359,4359,4359,4359,4359,4359,4359,4359,4359,4359,4359,4359,4359,4359,4359,4359,4359,4359,4359,4359,4514,4540,4527,4359,4359,4359,4359,4359,4359,4359,4359,4359,4359,4359,4359,4359,4359,4359,4359,4359,4359,4359,4359,4359,4359,4359,4359,4359,4359,4359,4359,4359,4359,4359,4359,4359,4359,4359,4359,4359,4359,4359,4359,4359,4359,4359,4359,4359,4359,4359,4359,4359
4359,4359,4359,4359,4359,4359,4359,4359,4359,4359,4359,4359,4359,4359,4359,4359,4359,4359,4359,4359,4359,4359,4359,4359,4359,4359,4359,4359,4359,4359,4359,4359,4359,4359,4359,4359,4359,4359,4359,4359,4359,4359,4359,4359,4359,4359,4359,4538,4538,4538,4540,4512,4359,4359,4359,4359,4359,4359,4359,4359,4359,4359,4359,4359,4359,4359,4359,4359,4359,4359,4359,4359,4359,4359,4359,4359,4359,4359,4359,4359,4359,4359,4359,4359,4359,4359,4359,4359,4359,4359,4359,4359,4359,4359,4359,4359,4359,4359,4359,4359
4359,4359,4359,4359,4359,4359,4359,4359,4359,4359,4359,4359,4359,4359,4359,4359,4359,4359,4359,4359,4359,4359,4359,4359,4359,4359,4359,4359,4359,4359,4359,4359,4359,4359,4359,4359,4359,4359,4359,4359,4359,4359,4359,4359,4359,4359,4539,4514,4540,4514,4527,4525,4513,4359,4359,4359,4359,4359,4359,4359,4359,4359,4359,4359,4359,4359,4359,4359,4359,4359,4359,4359,4359,4359,4359,4359,4359,4359,4359,4359,4359,4359,4359,4359,4359,4359,4359,4359,4359,4359,4359,4359,4359,4359,4359,4359,4359,4359,4359,4359
4359,4359,4359,4359,4359,4359,4359,4359,4359,4359,4359,4359,4359,4359,4359,4359,4359,4359,4359,4359,4359,4359,4359,4359,4359,4359,4359,4359,4359,4359,4359,4359,4359,4359,4359,4359,4359,4359,4359,4359,4359,4359,4359,4359,4359,4525,4514,4526,4513,4538,4512,4512,4539,4526,4359,4359,4359,4359,4359,4359,4359,4359,4359,4359,4359,4359,4359,4359,4359,4359,4359,4359,4359,4359,4359,4359,4359,4359,4359,4359,4359,4359,4359,4359,4359,4359,4359,4359,4359,4359,4359,4359,4359,4359,4359,4359,4359,4359,4359,4359
